Symptom,DangerCorrelation,DangerCoefficient
 abortion at the end of gestation,1.0,1.0259128386336867
 dizziness and fainting,1.0,1.0259128386336867
Abdminal pain,1.0,1.0259128386336867
Abdominal destention,1.0,1.0259128386336867
Abdominal discomfort,1.0,1.0259128386336867
Abdominal pain,1.0,1.0259128386336867
Abdonormal discomfort,1.0,1.0259128386336867
Abdonormal pain,1.0,1.0259128386336867
Abnormal behaviour,1.0,1.0259128386336867
Abnormal conformation,1.0,1.0259128386336867
Abnormalities,1.0,1.0259128386336867
Abnormally long leg,1.0,1.0259128386336867
Abortion,1.0,1.0259128386336867
Abortion ,1.0,1.0259128386336867
Abortion on late pregancy,1.0,1.0259128386336867
Achomotrica,1.0,1.0259128386336867
Acting aggressive,1.0,1.0259128386336867
Acting unnaturally tame,1.0,1.0259128386336867
Agalactia,1.0,1.0259128386336867
Aggressiveness,1.0,1.0259128386336867
Air sacculitis,1.0,1.0259128386336867
Allergic Reaction,1.0,1.0259128386336867
Anaemia,1.0,1.0259128386336867
Aneamia,1.0,1.0259128386336867
Anemia,0.9,0.923321554770318
Animal become lame,1.0,1.0259128386336867
Animal gets uneasy,1.0,1.0259128386336867
Animal stop feed,1.0,1.0259128386336867
Anorexia,0.9215686274509803,0.9454490865839856
Anoxeria,1.0,1.0259128386336867
Anversion to light,1.0,1.0259128386336867
Apathy,0.5,0.5129564193168433
Appetite,1.0,1.0259128386336867
Appetite varies,1.0,1.0259128386336867
Arthritis,1.0,1.0259128386336867
Asymptomatic,1.0,1.0259128386336867
Ataxia,1.0,1.0259128386336867
Attack,1.0,1.0259128386336867
Attacks,1.0,1.0259128386336867
Attempt to urinate,1.0,1.0259128386336867
Aversion to light,1.0,1.0259128386336867
Back Pain,1.0,1.0259128386336867
Bad breath,1.0,1.0259128386336867
Bad smell,1.0,1.0259128386336867
Balance problem,1.0,1.0259128386336867
Bald patches,1.0,1.0259128386336867
Barren ewes,1.0,1.0259128386336867
Beak overgrowth,1.0,1.0259128386336867
Behaviour change,1.0,1.0259128386336867
Berberi,1.0,1.0259128386336867
Bite other animals,1.0,1.0259128386336867
Black on ear,1.0,1.0259128386336867
Black stool,1.0,1.0259128386336867
Bleeding from other parts of the body,1.0,1.0259128386336867
Bleeding from the nose,1.0,1.0259128386336867
Bleeding in eye and skin,1.0,1.0259128386336867
Bleeding wounds,1.0,1.0259128386336867
Blindness,1.0,1.0259128386336867
Blister,1.0,1.0259128386336867
Blood Clots,1.0,1.0259128386336867
Blood Poisioning ,1.0,1.0259128386336867
Blood from mouth,1.0,1.0259128386336867
Blood in faces,1.0,1.0259128386336867
Blood in stool,1.0,1.0259128386336867
Blood in urine,1.0,1.0259128386336867
Blood on faces,1.0,1.0259128386336867
Blood stool,1.0,1.0259128386336867
Bloody,1.0,1.0259128386336867
Bloody Diarhhea,1.0,1.0259128386336867
Bloody Diarrhea,1.0,1.0259128386336867
Bloody Drool,1.0,1.0259128386336867
Bloody Urine,1.0,1.0259128386336867
Bloody diarrhea,1.0,1.0259128386336867
Bloody discharge,1.0,1.0259128386336867
Bloody droping,1.0,1.0259128386336867
Bloody in feather,1.0,1.0259128386336867
Blooody Fluid,1.0,1.0259128386336867
Blue Eye,1.0,1.0259128386336867
Blue colored lip,1.0,1.0259128386336867
Blue straws,1.0,1.0259128386336867
Bluish white opacity,1.0,1.0259128386336867
Blurry vision,1.0,1.0259128386336867
Body stiffness,1.0,1.0259128386336867
Bony Lesion,1.0,1.0259128386336867
Bottle Jaw,1.0,1.0259128386336867
Bottle jaw,1.0,1.0259128386336867
Broken Bones,1.0,1.0259128386336867
Broody behavior,1.0,1.0259128386336867
Bubbles in the mouth,1.0,1.0259128386336867
"Bumps(black,grey or red)",1.0,1.0259128386336867
Carcass decomposes,1.0,1.0259128386336867
Cell Damage,1.0,1.0259128386336867
Cessation of eructation,1.0,1.0259128386336867
Change in gait,1.0,1.0259128386336867
Changes in outer layer skin,1.0,1.0259128386336867
Chest Pain,1.0,1.0259128386336867
Chills,1.0,1.0259128386336867
Chronic eye inflamation,1.0,1.0259128386336867
Circling,1.0,1.0259128386336867
Clearly unthrifty,1.0,1.0259128386336867
Cloacal pasting,1.0,1.0259128386336867
Closed eyes,1.0,1.0259128386336867
Clouded cornea,1.0,1.0259128386336867
Clubbed Feather,1.0,1.0259128386336867
Colic,1.0,1.0259128386336867
Congestion,1.0,1.0259128386336867
Conjuctivtis,1.0,1.0259128386336867
Conjunctive,1.0,1.0259128386336867
Consistency of milk,1.0,1.0259128386336867
Constant pacing,1.0,1.0259128386336867
Constipation,1.0,1.0259128386336867
Continuous loss of weight,1.0,1.0259128386336867
Convulsion,1.0,1.0259128386336867
Cornea become cloudy,1.0,1.0259128386336867
Corneal Ulceration,1.0,1.0259128386336867
Coughing,0.9619047619047619,0.9868304447809748
Coughing ,1.0,1.0259128386336867
Cramps,1.0,1.0259128386336867
Crusting of the skin,1.0,1.0259128386336867
Crusty,1.0,1.0259128386336867
Crusty eye lashes and matting of eyelashes,1.0,1.0259128386336867
Dandruff,1.0,1.0259128386336867
Dandruff in cat coat,1.0,1.0259128386336867
Dark colored bloody,1.0,1.0259128386336867
Dark or black face,1.0,1.0259128386336867
Darkened skin,1.0,1.0259128386336867
Deability,1.0,1.0259128386336867
Death,1.0,1.0259128386336867
Death of lamb,1.0,1.0259128386336867
Decrease appetite,1.0,1.0259128386336867
Decrease in milk production,1.0,1.0259128386336867
Decreased appetite,1.0,1.0259128386336867
Decreased eyelid,1.0,1.0259128386336867
Decreased growth of bone,1.0,1.0259128386336867
Decreased milk,1.0,1.0259128386336867
Decresed egg production,1.0,1.0259128386336867
Defienciency in vitamin,1.0,1.0259128386336867
Dehydration,0.8823529411764706,0.9052172105591353
Dejection,0.5,0.5129564193168433
Depression,0.9459459459459459,0.9704580905994333
Despression,1.0,1.0259128386336867
Diarrhea,0.9310344827586207,0.9551602290727427
Diarrhea with muscus,1.0,1.0259128386336867
Diffculty breathing,1.0,1.0259128386336867
Difficult in respiration,1.0,1.0259128386336867
Difficult in walking,1.0,1.0259128386336867
Difficultty in Breathing,1.0,1.0259128386336867
Difficulty breathing,1.0,1.0259128386336867
Difficulty in Breathing,1.0,1.0259128386336867
Difficulty in Swallowing,1.0,1.0259128386336867
Difficulty in Walk,1.0,1.0259128386336867
Difficulty in breathing,0.9444444444444444,0.9689176809318152
Difficulty in feeding,1.0,1.0259128386336867
Difficulty in rising,1.0,1.0259128386336867
Difficulty in walking,1.0,1.0259128386336867
Difficulty walking,1.0,1.0259128386336867
Diffulty Swallowing,1.0,1.0259128386336867
Diffulty chewing,1.0,1.0259128386336867
Dilation of duodenum,1.0,1.0259128386336867
Diphtherictic,1.0,1.0259128386336867
Dirty,1.0,1.0259128386336867
Discharge,1.0,1.0259128386336867
Discharge ,1.0,1.0259128386336867
Discharge From eyes,1.0,1.0259128386336867
Discharge from ear,1.0,1.0259128386336867
Discharge from eye,1.0,1.0259128386336867
Discomfort,1.0,1.0259128386336867
Disharge from affected eye,1.0,1.0259128386336867
Distended chest,1.0,1.0259128386336867
Distended stomach,1.0,1.0259128386336867
Distinctive bumps,1.0,1.0259128386336867
Distress,1.0,1.0259128386336867
Dizzines,1.0,1.0259128386336867
Dizziness,1.0,1.0259128386336867
Dribbling of saliva,1.0,1.0259128386336867
Drooling,1.0,1.0259128386336867
Drooping ears,1.0,1.0259128386336867
Drooping wings,0.0,0.0
Drop in milk production,1.0,1.0259128386336867
Drop on egg production,0.0,0.0
Dry Hair coat,1.0,1.0259128386336867
Dry Scabs,1.0,1.0259128386336867
Dry air,1.0,1.0259128386336867
Dry or dull hair,1.0,1.0259128386336867
Dry skin,1.0,1.0259128386336867
Dull,1.0,1.0259128386336867
Dullness,1.0,1.0259128386336867
Dysentery,1.0,1.0259128386336867
Dyspnea,1.0,1.0259128386336867
Ear infection,1.0,1.0259128386336867
Easily damage shell,1.0,1.0259128386336867
Edema,1.0,1.0259128386336867
Edema in lower jaw,1.0,1.0259128386336867
Edematous,1.0,1.0259128386336867
Effort to breath,1.0,1.0259128386336867
Egg production stops,1.0,1.0259128386336867
Emaciation,1.0,1.0259128386336867
Endomeritis,1.0,1.0259128386336867
Enlarged Thymus,1.0,1.0259128386336867
Enlarged lymph nodes,1.0,1.0259128386336867
Enlarged lymph nodes or Swelling,1.0,1.0259128386336867
Enlarged skulls,1.0,1.0259128386336867
Enlargement of bones,1.0,1.0259128386336867
Enteritis,1.0,1.0259128386336867
Epistaxis,0.5,0.5129564193168433
Erythema,1.0,1.0259128386336867
Eventually death,1.0,1.0259128386336867
Excess salivary,1.0,1.0259128386336867
Excess salivation,1.0,1.0259128386336867
Excess sleeping,1.0,1.0259128386336867
Excession Salivation,1.0,1.0259128386336867
Excessive blood loss,1.0,1.0259128386336867
Excessive drooling,1.0,1.0259128386336867
Excessive eye watering,1.0,1.0259128386336867
Excessive food intake,1.0,1.0259128386336867
Excessive grooming,1.0,1.0259128386336867
Excessive production,1.0,1.0259128386336867
Excitability,1.0,1.0259128386336867
Exercise in tolerance,1.0,1.0259128386336867
Exessive Urination,1.0,1.0259128386336867
Exhaustion,1.0,1.0259128386336867
Extension of neck,1.0,1.0259128386336867
Extreme thirst,1.0,1.0259128386336867
Eye and Skin change,1.0,1.0259128386336867
Eye become dull,1.0,1.0259128386336867
Eye closed,1.0,1.0259128386336867
Eye disharge,1.0,1.0259128386336867
Eye movements,1.0,1.0259128386336867
Eye redness,1.0,1.0259128386336867
Eye ulcer,1.0,1.0259128386336867
Eyeproblem,1.0,1.0259128386336867
Facial Paralysis,1.0,1.0259128386336867
Facial Swelling,0.6,0.615547703180212
Facial defects,1.0,1.0259128386336867
Facial edema,1.0,1.0259128386336867
Facial muscle twitching,1.0,1.0259128386336867
Facial paralysis,1.0,1.0259128386336867
Facial swelling,1.0,1.0259128386336867
Faeces are streake with blood,1.0,1.0259128386336867
Fast breathing,1.0,1.0259128386336867
Fatigue,1.0,1.0259128386336867
Fatique,1.0,1.0259128386336867
Fatty stool,1.0,1.0259128386336867
Feather Loss,1.0,1.0259128386336867
Feather Plucking,1.0,1.0259128386336867
Feels stiff,1.0,1.0259128386336867
Fell unwell,1.0,1.0259128386336867
Fetopelvic dispropotion,1.0,1.0259128386336867
Fever,0.9923371647509579,1.0180514375713596
Firm,1.0,1.0259128386336867
Flabby,1.0,1.0259128386336867
Flaking of the Scutes,1.0,1.0259128386336867
Flaky,1.0,1.0259128386336867
Flank,1.0,1.0259128386336867
Flat ribs,1.0,1.0259128386336867
Flatulence,1.0,1.0259128386336867
Fleece become thin,1.0,1.0259128386336867
Flock Moratality,1.0,1.0259128386336867
Floopy muscle,1.0,1.0259128386336867
Fluffed Feather,1.0,1.0259128386336867
Fluif Faeces on blood and muscle,1.0,1.0259128386336867
Fluif filled blisters,1.0,1.0259128386336867
Folded Ears,1.0,1.0259128386336867
Foot Hot,1.0,1.0259128386336867
Formation of vesicles,1.0,1.0259128386336867
Forthy eye,1.0,1.0259128386336867
Foul Breath,1.0,1.0259128386336867
Foul Smelling,1.0,1.0259128386336867
Frequent eye Infections,1.0,1.0259128386336867
Gagging,1.0,1.0259128386336867
Gas,1.0,1.0259128386336867
Gas or bloating,1.0,1.0259128386336867
Gasc,1.0,1.0259128386336867
Gasping,1.0,1.0259128386336867
Gastritis,1.0,1.0259128386336867
General malaise,1.0,1.0259128386336867
Good appetite,1.0,1.0259128386336867
Green Dropping,1.0,1.0259128386336867
Greenish diarrhea,0.0,0.0
Greenish-yellow nasal discharge,1.0,1.0259128386336867
Grinding of teeth,1.0,1.0259128386336867
Grinding teeth,1.0,1.0259128386336867
Groosly enlarged,1.0,1.0259128386336867
Grunting,1.0,1.0259128386336867
Gums,1.0,1.0259128386336867
Hair loss,1.0,1.0259128386336867
Hair tining,1.0,1.0259128386336867
Hairy Fleeces,1.0,1.0259128386336867
Half-closed eye,1.0,1.0259128386336867
Halitosis,1.0,1.0259128386336867
Hardness,1.0,1.0259128386336867
Head Pressing,1.0,1.0259128386336867
Head Shking,1.0,1.0259128386336867
Head ache,1.0,1.0259128386336867
Head tilt,1.0,1.0259128386336867
Head tossing,1.0,1.0259128386336867
Headache,1.0,1.0259128386336867
Heat,1.0,1.0259128386336867
Heavy Breathing,0.5,0.5129564193168433
Heavy infection,1.0,1.0259128386336867
Hematuria,1.0,1.0259128386336867
Hemoglobinuria,1.0,1.0259128386336867
Hemolytic anemia,1.0,1.0259128386336867
Hemopytsis,1.0,1.0259128386336867
Hepatic failure,1.0,1.0259128386336867
Hepatitis,0.0,0.0
High moratality,0.0,0.0
Hind quarted soil,1.0,1.0259128386336867
Hoarseness,1.0,1.0259128386336867
Hock joint,1.0,1.0259128386336867
Holding limbs off the ground,1.0,1.0259128386336867
Horny growth,1.0,1.0259128386336867
Hot joints,1.0,1.0259128386336867
Hydrophobia,1.0,1.0259128386336867
Hyper sensitivity,1.0,1.0259128386336867
Hyperaestesia,1.0,1.0259128386336867
Hyperesthesia,1.0,1.0259128386336867
Hyperexcitability,1.0,1.0259128386336867
Immediate death,1.0,1.0259128386336867
Inability of Swalllon Feeding,1.0,1.0259128386336867
Inability to absorb nutrients,1.0,1.0259128386336867
Inability to digest,1.0,1.0259128386336867
Inability to jump,1.0,1.0259128386336867
Inability to stand ,1.0,1.0259128386336867
Inappentence,1.0,1.0259128386336867
Incoordination,1.0,1.0259128386336867
Increased in breathing,1.0,1.0259128386336867
Indigestion,1.0,1.0259128386336867
Infected navels,1.0,1.0259128386336867
Infection,1.0,1.0259128386336867
Infection of the skin,1.0,1.0259128386336867
Inflammation,1.0,1.0259128386336867
Inflammation ,1.0,1.0259128386336867
Inflammation of eye,1.0,1.0259128386336867
Inflammed eye,1.0,1.0259128386336867
Intellectual disability,1.0,1.0259128386336867
Iris prolapse,1.0,1.0259128386336867
Irritation,1.0,1.0259128386336867
Isolation from flock,1.0,1.0259128386336867
Itches,1.0,1.0259128386336867
Itchiness,1.0,1.0259128386336867
Itching,1.0,1.0259128386336867
Jaundice,1.0,1.0259128386336867
Jaw is dropped,1.0,1.0259128386336867
Jerky limb movements,1.0,1.0259128386336867
Join pains,1.0,1.0259128386336867
Joint Pain,1.0,1.0259128386336867
Kick,1.0,1.0259128386336867
Kicking,1.0,1.0259128386336867
Kicking at the belly,1.0,1.0259128386336867
Kid moratality,1.0,1.0259128386336867
Kidney failure,1.0,1.0259128386336867
Labored breathing,0.5,0.5129564193168433
Lack of coordination,1.0,1.0259128386336867
Lack of flying,1.0,1.0259128386336867
Lack of pigmentation,1.0,1.0259128386336867
Lack of walking,1.0,1.0259128386336867
Lacrimation,0.5,0.5129564193168433
Lame,1.0,1.0259128386336867
Lameness,1.0,1.0259128386336867
Larynx,1.0,1.0259128386336867
Legness,1.0,1.0259128386336867
Lepatomegaly,1.0,1.0259128386336867
Lesion,0.6,0.615547703180212
Lesions ,1.0,1.0259128386336867
Lesions in the nasal cavity,1.0,1.0259128386336867
Lesions on ear,1.0,1.0259128386336867
Lesions on nose,1.0,1.0259128386336867
Less Eat,1.0,1.0259128386336867
Less Feather growth,1.0,1.0259128386336867
Lession on cat skin,1.0,1.0259128386336867
Lession on the skin,1.0,1.0259128386336867
Lethargy,1.0,1.0259128386336867
Lightheadedness ,1.0,1.0259128386336867
Limp,1.0,1.0259128386336867
Limping,1.0,1.0259128386336867
Lip,1.0,1.0259128386336867
Liquid Dropping,1.0,1.0259128386336867
Listless,1.0,1.0259128386336867
Listlessness,1.0,1.0259128386336867
Liver disease,1.0,1.0259128386336867
Loss od appetite,1.0,1.0259128386336867
Loss of  appetite,1.0,1.0259128386336867
Loss of Appetite,1.0,1.0259128386336867
Loss of activity,1.0,1.0259128386336867
Loss of appetite,0.9411764705882353,0.9655650245964109
Loss of appettite,1.0,1.0259128386336867
Loss of consciousness,1.0,1.0259128386336867
Loss of earing,1.0,1.0259128386336867
Loss of eat,1.0,1.0259128386336867
Loss of eye,1.0,1.0259128386336867
Loss of milk production,1.0,1.0259128386336867
Loss of pigment,1.0,1.0259128386336867
Loss of powder down,1.0,1.0259128386336867
Loss of vitamin E,1.0,1.0259128386336867
Loss of wool,1.0,1.0259128386336867
Lossened Teeth,1.0,1.0259128386336867
Lound breathing,1.0,1.0259128386336867
Lumps,1.0,1.0259128386336867
Lying Down,1.0,1.0259128386336867
Lying down,1.0,1.0259128386336867
Lying on the side,1.0,1.0259128386336867
Malaise,1.0,1.0259128386336867
Malpresentation,1.0,1.0259128386336867
Mammary glads,1.0,1.0259128386336867
Mild sneezing,1.0,1.0259128386336867
Milk getting out more thick,1.0,1.0259128386336867
Milk getting out more watery,1.0,1.0259128386336867
Milk reduce,1.0,1.0259128386336867
Milky Hard,1.0,1.0259128386336867
Misshapen Beak,1.0,1.0259128386336867
Moist,1.0,1.0259128386336867
Moist and painfull,1.0,1.0259128386336867
Mortality,1.0,1.0259128386336867
Mortality varies,1.0,1.0259128386336867
Most often none,1.0,1.0259128386336867
Mouth lesion,1.0,1.0259128386336867
Mucous discharge,1.0,1.0259128386336867
Mucus discharge from the eye,1.0,1.0259128386336867
Mummification,1.0,1.0259128386336867
Muscle Loss,1.0,1.0259128386336867
Muscle Trembling,1.0,1.0259128386336867
Muscle aches,1.0,1.0259128386336867
Muscle pain,1.0,1.0259128386336867
Muscle stiffness,1.0,1.0259128386336867
Muscle twiching,1.0,1.0259128386336867
Muscle weakness,1.0,1.0259128386336867
Muscles ache,1.0,1.0259128386336867
Muscular Spasms,1.0,1.0259128386336867
Muscus,1.0,1.0259128386336867
Nasal,1.0,1.0259128386336867
Nasal Bleeding,1.0,1.0259128386336867
Nasal Discharge,0.875,0.8976737338044758
Nasal discharge,1.0,1.0259128386336867
Nause,1.0,1.0259128386336867
Nausea,1.0,1.0259128386336867
Neck Paralysis,1.0,1.0259128386336867
Neck Vein Swelling,1.0,1.0259128386336867
Neck paralysis,0.0,0.0
Nervous,1.0,1.0259128386336867
Nervous Issue,1.0,1.0259128386336867
Nervousness,1.0,1.0259128386336867
Nesting behaviour,1.0,1.0259128386336867
Neurologic abnormalities,1.0,1.0259128386336867
Neurologic sign,1.0,1.0259128386336867
Nible at their wool,1.0,1.0259128386336867
No appp,1.0,1.0259128386336867
Noisy Breathing,1.0,1.0259128386336867
Normal appetite,1.0,1.0259128386336867
Nose Bleeds,1.0,1.0259128386336867
Nose picking,1.0,1.0259128386336867
Nosebleeds,1.0,1.0259128386336867
Nosebleed ,1.0,1.0259128386336867
Nostrils,1.0,1.0259128386336867
Not eating,1.0,1.0259128386336867
Nuerological,1.0,1.0259128386336867
Obscure Lameness,1.0,1.0259128386336867
Obstructed Lungs,1.0,1.0259128386336867
Occular discharge,1.0,1.0259128386336867
Ocular discharge,1.0,1.0259128386336867
Odor to Ear,1.0,1.0259128386336867
Oedema,1.0,1.0259128386336867
Oral lesion,1.0,1.0259128386336867
Overweight,1.0,1.0259128386336867
Oxygen defiency,1.0,1.0259128386336867
Pain,0.9444444444444444,0.9689176809318152
Pain on face,1.0,1.0259128386336867
Pain on leg,1.0,1.0259128386336867
Painfull,1.0,1.0259128386336867
Painfull Swalling,1.0,1.0259128386336867
Painfull to touch,1.0,1.0259128386336867
Pains,1.0,1.0259128386336867
Pains to Walk,1.0,1.0259128386336867
Pale comb,1.0,1.0259128386336867
Pale gums,1.0,1.0259128386336867
Papules appear on teats anad udder,1.0,1.0259128386336867
Paralysis,1.0,1.0259128386336867
Paralyzed leg,0.0,0.0
Paresis,1.0,1.0259128386336867
Partial Paralysis,1.0,1.0259128386336867
Passing of undigested food,1.0,1.0259128386336867
Pawing at bedding,1.0,1.0259128386336867
Pawing at the face or nose,1.0,1.0259128386336867
Periodic vommiting,1.0,1.0259128386336867
Pharyngitis,1.0,1.0259128386336867
Pink eye,1.0,1.0259128386336867
Pnemonia,1.0,1.0259128386336867
Pneumonia ,1.0,1.0259128386336867
Polydipsa,1.0,1.0259128386336867
Polyuria,1.0,1.0259128386336867
Poor Appetite,1.0,1.0259128386336867
Poor Body condition,1.0,1.0259128386336867
Poor appetite,1.0,1.0259128386336867
Poor coat apperence ,1.0,1.0259128386336867
Poor coat condition,1.0,1.0259128386336867
Poor condition,1.0,1.0259128386336867
Poor conformation,1.0,1.0259128386336867
Poor growth,1.0,1.0259128386336867
Poor immune function,1.0,1.0259128386336867
Poor wool,1.0,1.0259128386336867
Pot belly,1.0,1.0259128386336867
Pox lesion,1.0,1.0259128386336867
Pox lession on skin,1.0,1.0259128386336867
Preening,1.0,1.0259128386336867
Production of mucus,1.0,1.0259128386336867
Profuse,1.0,1.0259128386336867
Progressive weakness,1.0,1.0259128386336867
Prostrat,1.0,1.0259128386336867
Pruritis,1.0,1.0259128386336867
Puffed_up Feather,1.0,1.0259128386336867
Purplish combs,0.0,0.0
Pustulses,1.0,1.0259128386336867
Pyrexia,1.0,1.0259128386336867
Radip onset,1.0,1.0259128386336867
Raised growth or bump,1.0,1.0259128386336867
Rapid Breathing,1.0,1.0259128386336867
Rapid Heart Rate,1.0,1.0259128386336867
Raw,1.0,1.0259128386336867
Recumbency,1.0,1.0259128386336867
Red Diarrhea,1.0,1.0259128386336867
Red Tinge,1.0,1.0259128386336867
Red and inflammation ear,1.0,1.0259128386336867
Red eye,1.0,1.0259128386336867
Red lesion from bald patches,1.0,1.0259128386336867
Red on affected area,1.0,1.0259128386336867
Red patches,1.0,1.0259128386336867
Red skin,1.0,1.0259128386336867
Redness,1.0,1.0259128386336867
Redness ,1.0,1.0259128386336867
Redness of eye,1.0,1.0259128386336867
Redness of white of the eye,1.0,1.0259128386336867
Redness on ear,1.0,1.0259128386336867
Reduce Energy,1.0,1.0259128386336867
Reduce Lamp marking,1.0,1.0259128386336867
Reduce Reproductive potential,1.0,1.0259128386336867
Reduce feed,1.0,1.0259128386336867
Reduce growth,1.0,1.0259128386336867
Reduce milk ,1.0,1.0259128386336867
Regurgitation of food,1.0,1.0259128386336867
Reluctant Move,1.0,1.0259128386336867
Relunctance to move,1.0,1.0259128386336867
Relunctance to walk,1.0,1.0259128386336867
Respiratory distress,1.0,1.0259128386336867
Respiratory infection,1.0,1.0259128386336867
Restlessness,1.0,1.0259128386336867
Retained Placenda,1.0,1.0259128386336867
Retarded Growth,1.0,1.0259128386336867
Retching,1.0,1.0259128386336867
Rhinitis,1.0,1.0259128386336867
Rhinorrhea,1.0,1.0259128386336867
Ring shaped Lesion,1.0,1.0259128386336867
Rough Hair coat,1.0,1.0259128386336867
Rough coat,1.0,1.0259128386336867
Roughened,1.0,1.0259128386336867
Round patches,1.0,1.0259128386336867
Rub,1.0,1.0259128386336867
Rubbing eye,1.0,1.0259128386336867
Ruffled Appearance,1.0,1.0259128386336867
Ruffled Coat,1.0,1.0259128386336867
Ruffled feathers,1.0,1.0259128386336867
Ruminal stasis,0.0,0.0
Rump,1.0,1.0259128386336867
Runny nose,1.0,1.0259128386336867
Salivating,1.0,1.0259128386336867
Salivation,1.0,1.0259128386336867
Scabbing,1.0,1.0259128386336867
Scabs,1.0,1.0259128386336867
Scabs On feet,1.0,1.0259128386336867
Scabs on lip,1.0,1.0259128386336867
Scaly patches of skin,1.0,1.0259128386336867
Scaly skin,1.0,1.0259128386336867
Scartch,1.0,1.0259128386336867
Scartches,1.0,1.0259128386336867
Scartching,1.0,1.0259128386336867
Scartching ear,1.0,1.0259128386336867
Scratches,1.0,1.0259128386336867
Scratching,1.0,1.0259128386336867
Secondary Infection,1.0,1.0259128386336867
Seizuers,1.0,1.0259128386336867
Seizures,1.0,1.0259128386336867
Self Mutilation,1.0,1.0259128386336867
Semen Examination,1.0,1.0259128386336867
Sensitive to touch,1.0,1.0259128386336867
Sensitivity to bright light,1.0,1.0259128386336867
Septic Arthritis,1.0,1.0259128386336867
Septicemia,1.0,1.0259128386336867
Severe,1.0,1.0259128386336867
Severe colic,1.0,1.0259128386336867
Severe headache,1.0,1.0259128386336867
Severe inflammation,1.0,1.0259128386336867
Severe kerititis,1.0,1.0259128386336867
Severe swellimg,0.0,0.0
Severe weekness and depression,1.0,1.0259128386336867
Shaking head,1.0,1.0259128386336867
Shaking oh head,1.0,1.0259128386336867
Shallow breathing,1.0,1.0259128386336867
Sharp Feather,1.0,1.0259128386336867
Sheep often bites,1.0,1.0259128386336867
Shivering,1.0,1.0259128386336867
Shock,1.0,1.0259128386336867
Short stature,1.0,1.0259128386336867
Short term lethargy,1.0,1.0259128386336867
Shortness of breath,1.0,1.0259128386336867
Shortness of breath.,1.0,1.0259128386336867
Shyness or aggression,1.0,1.0259128386336867
Sick,1.0,1.0259128386336867
Sickness,1.0,1.0259128386336867
Signs in ewe,1.0,1.0259128386336867
Signs in rams,1.0,1.0259128386336867
Sinuses,1.0,1.0259128386336867
Size of lesions vary,1.0,1.0259128386336867
Skeleten abnormalities,1.0,1.0259128386336867
Skeleten pain,1.0,1.0259128386336867
Skin Lesion,1.0,1.0259128386336867
Skin Rashes,1.0,1.0259128386336867
Skin color change,1.0,1.0259128386336867
Skin colour change,1.0,1.0259128386336867
Skin infection,1.0,1.0259128386336867
Skin irritation,1.0,1.0259128386336867
Skin issue,1.0,1.0259128386336867
Skin may thicken,1.0,1.0259128386336867
Skin rashes,0.8571428571428571,0.879353861686017
Skin reashes,1.0,1.0259128386336867
Skin ulcer,1.0,1.0259128386336867
SkinAllergy,1.0,1.0259128386336867
Sleeping Excessively,1.0,1.0259128386336867
Slightly Swollen,1.0,1.0259128386336867
Slim over the shell,1.0,1.0259128386336867
Sloughing of the tail,1.0,1.0259128386336867
Slow growth,0.0,0.0
Sluggish,1.0,1.0259128386336867
Small and yellow bumps,1.0,1.0259128386336867
Small intestines,1.0,1.0259128386336867
Small red bumps,1.0,1.0259128386336867
Small size,1.0,1.0259128386336867
Smell,1.0,1.0259128386336867
Smell of ammonia,1.0,1.0259128386336867
Sneezing,0.9534883720930233,0.9781959624181663
Snoring,1.0,1.0259128386336867
Sore,1.0,1.0259128386336867
Sores on lip,1.0,1.0259128386336867
Sores on lower leg and teats,1.0,1.0259128386336867
Sour Throat,1.0,1.0259128386336867
Speech delay,1.0,1.0259128386336867
Spines,1.0,1.0259128386336867
Splenomegaly,1.0,1.0259128386336867
Spread of infection,1.0,1.0259128386336867
Staggering,1.0,1.0259128386336867
Staggering as drunk,1.0,1.0259128386336867
Stained Wool,1.0,1.0259128386336867
Stamping And pedding of hind eye,1.0,1.0259128386336867
Stand with head droping,1.0,1.0259128386336867
Stealing ,1.0,1.0259128386336867
Stiff,1.0,1.0259128386336867
Stiffness,1.0,1.0259128386336867
Stillbirth,1.0,1.0259128386336867
Stomach  cramps,1.0,1.0259128386336867
Stomach cramps,1.0,1.0259128386336867
Stomach growling,1.0,1.0259128386336867
Stopped eat,1.0,1.0259128386336867
Straining,1.0,1.0259128386336867
Strange behaviour,1.0,1.0259128386336867
Straw colored,1.0,1.0259128386336867
Stress,1.0,1.0259128386336867
Stripped remiges,1.0,1.0259128386336867
Strong cough,1.0,1.0259128386336867
Stumbling,1.0,1.0259128386336867
Succumb,1.0,1.0259128386336867
Sudden Abortion,1.0,1.0259128386336867
Sudden Death,1.0,1.0259128386336867
Sudden death,1.0,1.0259128386336867
Swallowing,1.0,1.0259128386336867
Swaying,1.0,1.0259128386336867
Sweat,1.0,1.0259128386336867
Sweats,1.0,1.0259128386336867
Swelling,1.0,1.0259128386336867
Swelling ,1.0,1.0259128386336867
Swelling  in the bite area,1.0,1.0259128386336867
Swelling may occur under jaw,1.0,1.0259128386336867
Swelling of eye,1.0,1.0259128386336867
Swelling of eyelid,1.0,1.0259128386336867
Swelling of face or leg,1.0,1.0259128386336867
Swelling of head and neck,1.0,1.0259128386336867
Swelling of internal organs,1.0,1.0259128386336867
Swelling of joints,1.0,1.0259128386336867
Swelling of neck,1.0,1.0259128386336867
Swelling of udder,1.0,1.0259128386336867
Swelling on jaw,1.0,1.0259128386336867
Swelling on joints,1.0,1.0259128386336867
Swelling on leg,1.0,1.0259128386336867
Swelling on theBody,1.0,1.0259128386336867
Swollen,1.0,1.0259128386336867
Swollen Abdomen,1.0,1.0259128386336867
Swollen Belly,1.0,1.0259128386336867
Swollen Eyelids,1.0,1.0259128386336867
Swollen and painfull,1.0,1.0259128386336867
Swollen comb,1.0,1.0259128386336867
Swollen kidney,1.0,1.0259128386336867
Swollen left abdomen,1.0,1.0259128386336867
Swollen lymph nodes,1.0,1.0259128386336867
Swolling of joint,1.0,1.0259128386336867
Tachypea,1.0,1.0259128386336867
Tail Wagging,1.0,1.0259128386336867
Tail shaking,1.0,1.0259128386336867
Tail_Bobbing,1.0,1.0259128386336867
Tarry Stool,1.0,1.0259128386336867
Tear produce,1.0,1.0259128386336867
Tear production,1.0,1.0259128386336867
Tears,1.0,1.0259128386336867
Teeth griding,0.0,0.0
Tender to touch,1.0,1.0259128386336867
Tenderness,1.0,1.0259128386336867
Tensemus,1.0,1.0259128386336867
Terminal convulsion,1.0,1.0259128386336867
Testical Pain,1.0,1.0259128386336867
Thick Crusting,1.0,1.0259128386336867
Thicked skin,1.0,1.0259128386336867
Thickening of skin,1.0,1.0259128386336867
Thivk skin,1.0,1.0259128386336867
Thrist and urination,1.0,1.0259128386336867
Throat and Ear pain,1.0,1.0259128386336867
Tiredness,1.0,1.0259128386336867
Torticollis,1.0,1.0259128386336867
Trachea,1.0,1.0259128386336867
Trauma,1.0,1.0259128386336867
Trembling,1.0,1.0259128386336867
Tremor,1.0,1.0259128386336867
Tremor ,1.0,1.0259128386336867
Tremor of head and neck,1.0,1.0259128386336867
Tremors,1.0,1.0259128386336867
Tremors of the head,1.0,1.0259128386336867
Trouble walking,1.0,1.0259128386336867
Twitching,1.0,1.0259128386336867
Ulcer,1.0,1.0259128386336867
Ulcer on gum,1.0,1.0259128386336867
Ulcerated ear,1.0,1.0259128386336867
Ulcerated muscle,1.0,1.0259128386336867
Ulcerated skin,1.0,1.0259128386336867
Ulcers,1.0,1.0259128386336867
Unable To Eat,1.0,1.0259128386336867
Unable to exercise,1.0,1.0259128386336867
Uncharacteristic hiding,1.0,1.0259128386336867
Underdeveloped muscles,1.0,1.0259128386336867
Undigested in their feces,1.0,1.0259128386336867
Undigested seeds,1.0,1.0259128386336867
Unilateral Nasal discharge,1.0,1.0259128386336867
Unsteady Gait,1.0,1.0259128386336867
Unusally thin,1.0,1.0259128386336867
Upset stomach,1.0,1.0259128386336867
Urination,1.0,1.0259128386336867
Urine infection,1.0,1.0259128386336867
Urine retention,1.0,1.0259128386336867
Uteria inertia,1.0,1.0259128386336867
Vaginal Discharge,1.0,1.0259128386336867
Very cold skin,1.0,1.0259128386336867
Viability,1.0,1.0259128386336867
Vision Problem,1.0,1.0259128386336867
Vitamin and minerals defiency,1.0,1.0259128386336867
Vomiting,1.0,1.0259128386336867
Vomitting,1.0,1.0259128386336867
Walking problem,1.0,1.0259128386336867
Wandering,1.0,1.0259128386336867
Warm,1.0,1.0259128386336867
Wart-like growth,1.0,1.0259128386336867
Wasting,1.0,1.0259128386336867
Watering,1.0,1.0259128386336867
Watering Diarrhea,1.0,1.0259128386336867
Watering of eyes,1.0,1.0259128386336867
Watery Diarrhea dispropotion,1.0,1.0259128386336867
Watery Eyes,1.0,1.0259128386336867
Watery Stool,1.0,1.0259128386336867
Watery eye,1.0,1.0259128386336867
Watery faeces,0.0,0.0
Wattles,0.0,0.0
Weak Pulse,1.0,1.0259128386336867
Weak kids,1.0,1.0259128386336867
Weakness,0.9047619047619048,0.928206854001907
Week legs,1.0,1.0259128386336867
Week pulse,1.0,1.0259128386336867
Weekness,1.0,1.0259128386336867
Weekness in the back legs,1.0,1.0259128386336867
Weight Loss,1.0,1.0259128386336867
Weight gain,1.0,1.0259128386336867
Weight loss,0.9607843137254902,0.9856809626088362
Weightloss,1.0,1.0259128386336867
Weigth bearing long bones,1.0,1.0259128386336867
Wether restless,1.0,1.0259128386336867
Wheezing,1.0,1.0259128386336867
White mark on the muscle,1.0,1.0259128386336867
Willnot run to jump,1.0,1.0259128386336867
Wool is clumped,1.0,1.0259128386336867
Wool loss,1.0,1.0259128386336867
Wool production,1.0,1.0259128386336867
Wound,1.0,1.0259128386336867
Wound lesion,1.0,1.0259128386336867
Yellow Eye,1.0,1.0259128386336867
Yellow in beak,1.0,1.0259128386336867
Yellow or green dropping,0.0,0.0
Yellowish Discharge,1.0,1.0259128386336867
abnormalalities,1.0,1.0259128386336867
abortion,1.0,1.0259128386336867
abscessess,1.0,1.0259128386336867
anaemia,1.0,1.0259128386336867
anorexia,1.0,1.0259128386336867
bleeding from wounds,1.0,1.0259128386336867
bloody discharge,1.0,1.0259128386336867
burning ache or pain,1.0,1.0259128386336867
change in milk,1.0,1.0259128386336867
change their normal behaviour,1.0,1.0259128386336867
changed gait,1.0,1.0259128386336867
chewing,1.0,1.0259128386336867
chirping,1.0,1.0259128386336867
confusion,1.0,1.0259128386336867
congestion,1.0,1.0259128386336867
cough,1.0,1.0259128386336867
coughing,1.0,1.0259128386336867
coughing ,1.0,1.0259128386336867
cough ,1.0,1.0259128386336867
decreased stool production,1.0,1.0259128386336867
depression,1.0,1.0259128386336867
diarrhea,1.0,1.0259128386336867
diarrhoea,1.0,1.0259128386336867
difficulty breating,1.0,1.0259128386336867
difficulty diagnosis,1.0,1.0259128386336867
difficulty moving and eating,1.0,1.0259128386336867
difficulty swallowing,1.0,1.0259128386336867
diffuse,1.0,1.0259128386336867
distended stomach,1.0,1.0259128386336867
dizziness and fainting,1.0,1.0259128386336867
drinking polluted water,1.0,1.0259128386336867
drooling,1.0,1.0259128386336867
droopiness,1.0,1.0259128386336867
drooping ears,1.0,1.0259128386336867
droopy wings,1.0,1.0259128386336867
dry or tacky gums,1.0,1.0259128386336867
dull ness,1.0,1.0259128386336867
egg production decreases,1.0,1.0259128386336867
emaciation,1.0,1.0259128386336867
experiencing changes in weight,1.0,1.0259128386336867
extending its neck,1.0,1.0259128386336867
eye discharges,1.0,1.0259128386336867
"facial swelling,",1.0,1.0259128386336867
feline infections,1.0,1.0259128386336867
fever,1.0,1.0259128386336867
fluffed feathers,1.0,1.0259128386336867
foul smelling stools,1.0,1.0259128386336867
frequent yawning,1.0,1.0259128386336867
gasping for air,1.0,1.0259128386336867
gasping for breath,1.0,1.0259128386336867
gurgling sound,1.0,1.0259128386336867
haemorrhage,1.0,1.0259128386336867
head tilt,1.0,1.0259128386336867
heavy breathing,1.0,1.0259128386336867
high body temperature,1.0,1.0259128386336867
high body temperaure,1.0,1.0259128386336867
high temperature,1.0,1.0259128386336867
hot udder,1.0,1.0259128386336867
inability to fly,1.0,1.0259128386336867
inability to rise,1.0,1.0259128386336867
inappetence,1.0,1.0259128386336867
inflamed nostrils,1.0,1.0259128386336867
lack of appetite,1.0,1.0259128386336867
lack of vocalizations,1.0,1.0259128386336867
lameness,1.0,1.0259128386336867
lameness in affected leg,1.0,1.0259128386336867
lathargy,1.0,1.0259128386336867
listlessness,1.0,1.0259128386336867
lllthrift,1.0,1.0259128386336867
los of the ability to walk,1.0,1.0259128386336867
loss in weight,1.0,1.0259128386336867
loss of alertness,1.0,1.0259128386336867
loss of appetite,0.9642857142857143,0.9892730943967692
loss of tail tone,1.0,1.0259128386336867
loss of wariness,1.0,1.0259128386336867
lying down,1.0,1.0259128386336867
lymphosarcoma,1.0,1.0259128386336867
mild colic,1.0,1.0259128386336867
mild weakness,1.0,1.0259128386336867
morbidity,1.0,1.0259128386336867
muscles problem,1.0,1.0259128386336867
muscular spasms,1.0,1.0259128386336867
muscular stiffness,1.0,1.0259128386336867
nasal discharge,1.0,1.0259128386336867
nausea,1.0,1.0259128386336867
noisy breathing,1.0,1.0259128386336867
outstretched neck,1.0,1.0259128386336867
pain ,1.0,1.0259128386336867
panting,1.0,1.0259128386336867
paralysis,1.0,1.0259128386336867
paresis,1.0,1.0259128386336867
pulmonary congestion,1.0,1.0259128386336867
rapid pulse and heart rates,1.0,1.0259128386336867
rectal bleeding,1.0,1.0259128386336867
recumbency,1.0,1.0259128386336867
red-colored ,1.0,1.0259128386336867
reduced appetite,1.0,1.0259128386336867
respiratory noise,1.0,1.0259128386336867
restless movement,1.0,1.0259128386336867
ruffled feathers,0.6666666666666666,0.6839418924224577
self-isolation,1.0,1.0259128386336867
slow growth,1.0,1.0259128386336867
sneeze,1.0,1.0259128386336867
stomatitis,1.0,1.0259128386336867
stop drinking,1.0,1.0259128386336867
stop eating,1.0,1.0259128386336867
stumbling,1.0,1.0259128386336867
stunted growth,1.0,1.0259128386336867
sudden death,1.0,1.0259128386336867
sweating,1.0,1.0259128386336867
swelling,1.0,1.0259128386336867
swelling problem,1.0,1.0259128386336867
swollen,1.0,1.0259128386336867
swollen abdomen,1.0,1.0259128386336867
swollen lymph nodes,1.0,1.0259128386336867
swollen purple wattle,1.0,1.0259128386336867
swollen teats,1.0,1.0259128386336867
thirst,1.0,1.0259128386336867
tiredness,1.0,1.0259128386336867
trembling,1.0,1.0259128386336867
twisted neck,1.0,1.0259128386336867
unable to urinate,1.0,1.0259128386336867
undernutrition,1.0,1.0259128386336867
urination problem,1.0,1.0259128386336867
urine dribbling,1.0,1.0259128386336867
vomiting,1.0,1.0259128386336867
wasting,1.0,1.0259128386336867
watery eyes,1.0,1.0259128386336867
weak calves,1.0,1.0259128386336867
weakened legs,1.0,1.0259128386336867
weakness,1.0,1.0259128386336867
weight loss,1.0,1.0259128386336867
wheezing,1.0,1.0259128386336867
 increased passing gas,1.0,1.0259128386336867
 pain and bloating,1.0,1.0259128386336867
 rapid heartbeats,1.0,1.0259128386336867
